{"cameraMode":{"drawMode":0,"name":"Shaded","section":"Shading Mode"},"sceneLighting":true,"audioPlay":false,"sceneViewState":{"showFog":true,"showMaterialUpdate":true,"showSkybox":true,"showFlares":true,"showImageEffects":true,"showParticleSystems":true,"showVisualEffectGraphs":true,"m_FxEnabled":true},"in2DMode":false,"pivot":{"x":1.007778286933899,"y":-6.902293682098389,"z":23.167316436767579},"rotation":{"x":0.14083874225616456,"y":0.001792578143067658,"z":-0.0002544971648603678,"w":0.9900307059288025},"size":13.507497787475586,"orthographic":false}